Workbook
Name Slicer_Category: #N/A
Name Slicer_Status: #N/A
Name Slicer_Supplier: #N/A
Name Slicer_Warehouse: #N/A

Sheet Inventory_Management_Raw_Data
A1: Product ID | B1: Product Name | C1: Category | D1: Supplier | E1: Unit Cost | F1: Unit Price | G1: Quantity in Stock | H1: Reorder Level | I1: Warehouse | J1: Purchase Date | K1: Last Restocked | L1: Status | M1: Inventory Value
A2: P001 | B2: Cabinet | C2: Furniture | D2: OfficePro | E2: 365 | F2: 547.5 | G2: 11 | H2: 25 | I2: Cork | J2: 45898 | K2: 45967 | L2: Low Stock | M2: =tblInventory[[#This Row],[Unit Cost]]*tblInventory[[#This Row],[Quantity in Stock]] -> 4015
A3: P002 | B3: Cabinet | C3: Furniture | D3: TechSource Ltd | E3: 562 | F3: 843 | G3: 5 | H3: 25 | I3: Cork | J3: 46086 | K3: 46138 | L3: Low Stock | M3: =tblInventory[[#This Row],[Unit Cost]]*tblInventory[[#This Row],[Quantity in Stock]] -> 2810
A4: P003 | B4: Folder | C4: Office Supplies | D4: TechSource Ltd | E4: 22 | F4: 28.6 | G4: 257 | H4: 10 | I4: Cork | J4: 46067 | K4: 46133 | L4: In Stock | M4: =tblInventory[[#This Row],[Unit Cost]]*tblInventory[[#This Row],[Quantity in Stock]] -> 5654
A5: P004 | B5: Desk | C5: Furniture | D5: DigiSupply | E5: 140 | F5: 196 | G5: 219 | H5: 40 | I5: Cork | J5: 45869 | K5: 45894 | L5: In Stock | M5: =tblInventory[[#This Row],[Unit Cost]]*tblInventory[[#This Row],[Quantity in Stock]] -> 30660
A6: P005 | B6: Mouse Pad | C6: Accessories | D6: Workspace Solutions | E6: 295 | F6: 354 | G6: 83 | H6: 50 | I6: Dublin | J6: 46157 | K6: 46216 | L6: In Stock | M6: =tblInventory[[#This Row],[Unit Cost]]*tblInventory[[#This Row],[Quantity in Stock]] -> 24485
A7: P006 | B7: Keyboard | C7: Electronics | D7: Nova Supplies | E7: 473 | F7: 662.2 | G7: 17 | H7: 40 | I7: Dublin | J7: 45773 | K7: 45837 | L7: Low Stock | M7: =tblInventory[[#This Row],[Unit Cost]]*tblInventory[[#This Row],[Quantity in Stock]] -> 8041
A8: P007 | B8: Notebook | C8: Office Supplies | D8: DigiSupply | E8: 148 | F8: 177.6 | G8: 246 | H8: 10 | I8: Dublin | J8: 45927 | K8: 45949 | L8: In Stock | M8: =tblInventory[[#This Row],[Unit Cost]]*tblInventory[[#This Row],[Quantity in Stock]] -> 36408
A9: P008 | B9: Desk | C9: Furniture | D9: Nova Supplies | E9: 213 | F9: 255.6 | G9: 58 | H9: 50 | I9: Dublin | J9: 45730 | K9: 45767 | L9: In Stock | M9: =tblInventory[[#This Row],[Unit Cost]]*tblInventory[[#This Row],[Quantity in Stock]] -> 12354
A10: P009 | B10: Desk | C10: Furniture | D10: Elite Traders | E10: 210 | F10: 273 | G10: 86 | H10: 40 | I10: Cork | J10: 46143 | K10: 46199 | L10: In Stock | M10: =tblInventory[[#This Row],[Unit Cost]]*tblInventory[[#This Row],[Quantity in Stock]] -> 18060
A11: P010 | B11: Laptop | C11: Electronics | D11: TechSource Ltd | E11: 654 | F11: 981 | G11: 5 | H11: 30 | I11: Galway | J11: 45788 | K11: 45869 | L11: Low Stock | M11: =tblInventory[[#This Row],[Unit Cost]]*tblInventory[[#This Row],[Quantity in Stock]] -> 3270
A12: P011 | B12: Desk | C12: Furniture | D12: Workspace Solutions | E12: 240 | F12: 288 | G12: 154 | H12: 40 | I12: Galway | J12: 46121 | K12: 46132 | L12: In Stock | M12: =tblInventory[[#This Row],[Unit Cost]]*tblInventory[[#This Row],[Quantity in Stock]] -> 36960
A13: P012 | B13: Bookshelf | C13: Furniture | D13: Nova Supplies | E13: 409 | F13: 613.5 | G13: 222 | H13: 10 | I13: Dublin | J13: 45875 | K13: 45914 | L13: In Stock | M13: =tblInventory[[#This Row],[Unit Cost]]*tblInventory[[#This Row],[Quantity in Stock]] -> 90798
... A501: P500 | B501: Webcam | C501: Electronics | D501: Elite Traders | E501: 264 | F501: 343.2 | G501: 103 | H501: 10 | I501: Dublin | J501: 46053 | K501: 46112 | L501: In Stock | M501: =tblInventory[[#This Row],[Unit Cost]]*tblInventory[[#This Row],[Quantity in Stock]] -> 27192

Sheet Pivot Tables
A3: Category | B3: Sum of Quantity in Stock | D3: Product Name | E3: Sum of Inventory Value | G3: Supplier | H3: Sum of Inventory Value | J3: Reorder Level | K3: Count of Product ID
A4: Accessories | B4: 19264 | D4: Desk | E4: 1881681 | G4: OfficePro | H4: 5023139 | J4: 25 | K4: 80
A5: Electronics | B5: 17263 | D5: Pen Pack | E5: 1604487 | G5: DigiSupply | H5: 4740056 | J5: 50 | K5: 73
A6: Furniture | B6: 20390 | D6: Office Chair | E6: 1594931 | G6: Elite Traders | H6: 4506503 | J6: 15 | K6: 71
A7: Office Supplies | B7: 21050 | D7: USB Drive | E7: 1542491 | G7: TechSource Ltd | H7: 4466422 | J7: 10 | K7: 71
A8: Grand Total | B8: 77967 | D8: Meeting Table | E8: 1519237 | G8: Nova Supplies | H8: 4372978 | J8: 40 | K8: 70
D9: Stapler | E9: 1516657 | G9: Workspace Solutions | H9: 3309345 | J9: 30 | K9: 68
D10: HDMI Cable | E10: 1373564 | G10: Grand Total | H10: 26418443 | J10: 20 | K10: 67
A11: Warehouse | B11: Sum of Inventory Value | D11: Docking Station | E11: 1358475 | J11: Grand Total | K11: 500
A12: Cork | B12: 9024972 | D12: Mouse | E12: 1147495
A13: Dublin | B13: 8256437 | D13: Mouse Pad | E13: 1133567 | G13: Warehouse | H13: Sum of Quantity in Stock
A14: Galway | B14: 9137034 | D14: Grand Total | E14: 14672585 | G14: Cork | H14: 28034
A15: Grand Total | B15: 26418443 | G15: Dublin | H15: 24422
G16: Galway | H16: 25511
D17: Purchase Date | E17: Count of Product ID | G17: Grand Total | H17: 77967
D18: 2025 | E18: 336
A19: Status | B19: Count of Product ID | D19: Jan | E19: 26
A20: In Stock | B20: 458 | D20: Feb | E20: 23 | G20: Category | H20: Average of Unit Price
A21: Low Stock | B21: 40 | D21: Mar | E21: 33 | G21: Electronics | H21: 472.5789
A22: Out of Stock | B22: 2 | D22: Apr | E22: 32 | G22: Furniture | H22: 468.09179
A23: Grand Total | B23: 500 | D23: May | E23: 37 | G23: Accessories | H23: 449.348
D24: Jun | E24: 24 | G24: Office Supplies | H24: 445.48106
D25: Jul | E25: 31 | G25: Grand Total | H25: 458.4148
D26: Aug | E26: 29
D27: Sep | E27: 21
D28: Oct | E28: 26
D29: Nov | E29: 23
D30: Dec | E30: 31
D31: 2026 | E31: 164
D32: Jan | E32: 38
D33: Feb | E33: 31
D34: Mar | E34: 31
D35: Apr | E35: 31
D36: May | E36: 24
D37: Jun | E37: 9
D38: Grand Total | E38: 500

Sheet Dashboard
A1: Inventory Management Dashboard
A3: Total Products | C3: Inventory Value | E3: Total Quantity | G3: In Stock | I3: Low Stock | K3: Out of Stock
A5: ='Pivot Tables'!B23 -> 500 | C5: ='Pivot Tables'!B15 -> 26418443 | E5: ='Pivot Tables'!B8 -> 77967 | G5: ='Pivot Tables'!B20 -> 458 | I5: ='Pivot Tables'!B21 -> 40 | K5: ='Pivot Tables'!B22 -> 2
W22: ˇ
